full_name,email,party_size
Guest Family 1,,2
Guest Family 2,,2
Guest Family 3,,2
Guest Family 4,,2
Guest Family 5,,2
Guest Family 6,,2
Guest Family 7,,2
Guest Family 8,,2
Guest Family 9,,2
Guest Family 10,,2
Guest Family 11,,2
Guest Family 12,,2
Guest Family 13,,2
Guest Family 14,,2
Guest Family 15,,2
Guest Family 16,,2
Guest Family 17,,2
Guest Family 18,,2
Guest Family 19,,2
Guest Family 20,,2
Guest Family 21,,2
Guest Family 22,,2
Guest Family 23,,2
Guest Family 24,,2
Guest Family 25,,2
Guest Family 26,,2
Guest Family 27,,2
Guest Family 28,,2
Guest Family 29,,2
Guest Family 30,,2
Guest Family 31,,2
Guest Family 32,,2
Guest Family 33,,2
Guest Family 34,,2
Guest Family 35,,2
Guest Family 36,,2
Guest Family 37,,2
Guest Family 38,,2
Guest Family 39,,2
Guest Family 40,,2
Guest Family 41,,2
Guest Family 42,,2
Guest Family 43,,2
Guest Family 44,,2
Guest Family 45,,2
Guest Family 46,,2
Guest Family 47,,2
Guest Family 48,,2
Guest Family 49,,2
Guest Family 50,,2
Guest Family 51,,2
Guest Family 52,,2
Guest Family 53,,2
Guest Family 54,,2
Guest Family 55,,2
Guest Family 56,,2
Guest Family 57,,2
Guest Family 58,,2
Guest Family 59,,2
Guest Family 60,,2
Guest Family 61,,2
Guest Family 62,,2
Guest Family 63,,2
Guest Family 64,,2
Guest Family 65,,2
Guest Family 66,,2
Guest Family 67,,2
Guest Family 68,,2
Guest Family 69,,2
Guest Family 70,,2
Guest Family 71,,2
Guest Family 72,,2
Guest Family 73,,2
Guest Family 74,,2
Guest Family 75,,2
Guest Family 76,,2
Guest Family 77,,2
Guest Family 78,,2
Guest Family 79,,2
Guest Family 80,,2
Guest Family 81,,2
Guest Family 82,,2
Guest Family 83,,2
Guest Family 84,,2
Guest Family 85,,2
Guest Family 86,,2
Guest Family 87,,2
Guest Family 88,,2
Guest Family 89,,2
Guest Family 90,,2
Guest Family 91,,2
Guest Family 92,,2
Guest Family 93,,2
Guest Family 94,,2
Guest Family 95,,2
Guest Family 96,,2
Guest Family 97,,2
Guest Family 98,,2
Guest Family 99,,2
Monique Ngandu & Enoc Kabila,,2
